CREATE DATABASE `gamestore` /*!40100 DEFAULT CHARACTER SET utf8mb4 COLLATE utf8mb4_0900_ai_ci */ /*!80016 DEFAULT ENCRYPTION='N' */;
USE `gamestore`;
CREATE TABLE `address` (
  `address_id` int NOT NULL,
  `address` varchar(200) NOT NULL,
  `district` varchar(100) NOT NULL,
  `city` varchar(100) NOT NULL,
  `postal_code` int NOT NULL,
  `country` varchar(100) NOT NULL,
  PRIMARY KEY (`address_id`)
) ENGINE=InnoDB DEFAULT CHARSET=utf8mb4 COLLATE=utf8mb4_0900_ai_ci;
CREATE TABLE `gamestore` (
  `store_id` int NOT NULL,
  `name` varchar(100) NOT NULL,
  PRIMARY KEY (`store_id`)
) ENGINE=InnoDB DEFAULT CHARSET=utf8mb4 COLLATE=utf8mb4_0900_ai_ci;
CREATE TABLE `manufacturers` (
  `name` varchar(50) NOT NULL,
  `manufactuer_id` int NOT NULL,
  PRIMARY KEY (`manufactuer_id`)
) ENGINE=InnoDB DEFAULT CHARSET=utf8mb4 COLLATE=utf8mb4_0900_ai_ci;
CREATE TABLE `order` (
  `order_id` int NOT NULL,
  `date_ordered` datetime NOT NULL,
  `date_fulfilled` datetime DEFAULT NULL,
  PRIMARY KEY (`order_id`)
) ENGINE=InnoDB DEFAULT CHARSET=utf8mb4 COLLATE=utf8mb4_0900_ai_ci;
CREATE TABLE `platform` (
  `platform_id` int NOT NULL,
  `name` varchar(100) NOT NULL,
  PRIMARY KEY (`platform_id`)
) ENGINE=InnoDB DEFAULT CHARSET=utf8mb4 COLLATE=utf8mb4_0900_ai_ci;
CREATE TABLE `products` (
  `product_id` int NOT NULL,
  `description` varchar(10000) DEFAULT NULL,
  `price` decimal(6,2) NOT NULL,
  `name` varchar(100) NOT NULL,
  `manf_id` int NOT NULL,
  `platform_id` int NOT NULL,
  PRIMARY KEY (`product_id`),
  KEY `product_manf_id_idx` (`manf_id`),
  KEY `product_platform_id_idx` (`platform_id`),
  CONSTRAINT `product_manf_id` FOREIGN KEY (`manf_id`) REFERENCES `manufacturers` (`manufactuer_id`) ON DELETE CASCADE ON UPDATE CASCADE,
  CONSTRAINT `product_platform_id` FOREIGN KEY (`platform_id`) REFERENCES `platform` (`platform_id`) ON DELETE CASCADE ON UPDATE CASCADE
) ENGINE=InnoDB DEFAULT CHARSET=utf8mb4 COLLATE=utf8mb4_0900_ai_ci;
CREATE TABLE `user` (
  `username` varchar(100) NOT NULL,
  `password` varchar(100) NOT NULL,
  PRIMARY KEY (`username`)
) ENGINE=InnoDB DEFAULT CHARSET=utf8mb4 COLLATE=utf8mb4_0900_ai_ci;
CREATE TABLE `customer` (
  `customer_id` int NOT NULL,
  `first_name` varchar(45) NOT NULL,
  `last_name` varchar(45) NOT NULL,
  `email` varchar(45) NOT NULL,
  `phone` varchar(45) DEFAULT NULL,
  `username` varchar(100) NOT NULL,
  PRIMARY KEY (`customer_id`),
  KEY `customer_username_idx` (`username`),
  CONSTRAINT `customer_username` FOREIGN KEY (`username`) REFERENCES `user` (`username`) ON DELETE CASCADE ON UPDATE CASCADE
) ENGINE=InnoDB DEFAULT CHARSET=utf8mb4 COLLATE=utf8mb4_0900_ai_ci;
CREATE TABLE `deliver_to` (
  `order_id` int NOT NULL,
  `address_id` int NOT NULL,
  PRIMARY KEY (`order_id`,`address_id`),
  KEY `deliver_address_id_idx` (`address_id`),
  CONSTRAINT `deliver_address_id` FOREIGN KEY (`address_id`) REFERENCES `address` (`address_id`) ON DELETE CASCADE ON UPDATE CASCADE,
  CONSTRAINT `deliver_order_id` FOREIGN KEY (`order_id`) REFERENCES `order` (`order_id`) ON DELETE CASCADE ON UPDATE CASCADE
) ENGINE=InnoDB DEFAULT CHARSET=utf8mb4 COLLATE=utf8mb4_0900_ai_ci;
CREATE TABLE `inventory` (
  `inventory_num` int NOT NULL,
  `product_id` int NOT NULL,
  PRIMARY KEY (`inventory_num`),
  KEY `inventory_product_ID_idx` (`product_id`),
  CONSTRAINT `inventory_product_ID` FOREIGN KEY (`product_id`) REFERENCES `products` (`product_id`) ON DELETE CASCADE ON UPDATE CASCADE
) ENGINE=InnoDB DEFAULT CHARSET=utf8mb4 COLLATE=utf8mb4_0900_ai_ci;
CREATE TABLE `orders` (
  `customer_id` int NOT NULL,
  `order_id` int NOT NULL,
  `inventory_num` int NOT NULL,
  PRIMARY KEY (`customer_id`,`inventory_num`,`order_id`),
  KEY `orders_order_id_idx` (`order_id`),
  KEY `orders_inventory_num_idx` (`inventory_num`),
  CONSTRAINT `orders_customer_id` FOREIGN KEY (`customer_id`) REFERENCES `customer` (`customer_id`),
  CONSTRAINT `orders_inventory_num` FOREIGN KEY (`inventory_num`) REFERENCES `inventory` (`inventory_num`),
  CONSTRAINT `orders_order_id` FOREIGN KEY (`order_id`) REFERENCES `order` (`order_id`) ON DELETE CASCADE ON UPDATE CASCADE
) ENGINE=InnoDB DEFAULT CHARSET=utf8mb4 COLLATE=utf8mb4_0900_ai_ci;
CREATE TABLE `staff` (
  `staff_id` int NOT NULL,
  `first_name` varchar(45) NOT NULL,
  `last_name` varchar(45) NOT NULL,
  `username` varchar(100) NOT NULL,
  PRIMARY KEY (`staff_id`),
  KEY `staff_username_idx` (`username`),
  CONSTRAINT `staff_username` FOREIGN KEY (`username`) REFERENCES `user` (`username`) ON DELETE CASCADE ON UPDATE CASCADE
) ENGINE=InnoDB DEFAULT CHARSET=utf8mb4 COLLATE=utf8mb4_0900_ai_ci;
CREATE TABLE `works_at` (
  `store_id` int NOT NULL,
  `staff_id` int NOT NULL,
  PRIMARY KEY (`store_id`,`staff_id`),
  KEY `works_at_staff_id_idx` (`staff_id`),
  CONSTRAINT `works_at_staff_id` FOREIGN KEY (`staff_id`) REFERENCES `staff` (`staff_id`) ON DELETE CASCADE ON UPDATE CASCADE,
  CONSTRAINT `works_at_store_id` FOREIGN KEY (`store_id`) REFERENCES `gamestore` (`store_id`) ON DELETE CASCADE ON UPDATE CASCADE
) ENGINE=InnoDB DEFAULT CHARSET=utf8mb4 COLLATE=utf8mb4_0900_ai_ci;
CREATE TABLE `belongs_to` (
  `inventory_id` int NOT NULL,
  `store_id` int NOT NULL,
  PRIMARY KEY (`inventory_id`,`store_id`),
  KEY `belongs_store_id_idx` (`store_id`),
  CONSTRAINT `belongs_inventory_id` FOREIGN KEY (`inventory_id`) REFERENCES `inventory` (`inventory_num`) ON DELETE CASCADE ON UPDATE CASCADE,
  CONSTRAINT `belongs_store_id` FOREIGN KEY (`store_id`) REFERENCES `gamestore` (`store_id`) ON DELETE CASCADE ON UPDATE CASCADE
) ENGINE=InnoDB DEFAULT CHARSET=utf8mb4 COLLATE=utf8mb4_0900_ai_ci;
CREATE TABLE `fulfilled_by` (
  `order_id` int NOT NULL,
  `staff_id` int NOT NULL,
  PRIMARY KEY (`order_id`,`staff_id`),
  KEY `fulfill_staff_id_idx` (`staff_id`),
  CONSTRAINT `fulfill_staff_id` FOREIGN KEY (`staff_id`) REFERENCES `staff` (`staff_id`) ON DELETE CASCADE ON UPDATE CASCADE,
  CONSTRAINT `fullfill_order_id` FOREIGN KEY (`order_id`) REFERENCES `order` (`order_id`) ON DELETE CASCADE ON UPDATE CASCADE
) ENGINE=InnoDB DEFAULT CHARSET=utf8mb4 COLLATE=utf8mb4_0900_ai_ci;
CREATE TABLE `inventory_add` (
  `product_id` int NOT NULL,
  `staff_id` int NOT NULL,
  PRIMARY KEY (`product_id`,`staff_id`),
  KEY `add_product_id_idx` (`product_id`),
  KEY `add_staff_id_idx` (`staff_id`),
  CONSTRAINT `add_product_id` FOREIGN KEY (`product_id`) REFERENCES `products` (`product_id`) ON DELETE CASCADE ON UPDATE CASCADE,
  CONSTRAINT `add_staff_id` FOREIGN KEY (`staff_id`) REFERENCES `staff` (`staff_id`) ON DELETE RESTRICT ON UPDATE CASCADE
) ENGINE=InnoDB DEFAULT CHARSET=utf8mb4 COLLATE=utf8mb4_0900_ai_ci;
CREATE TABLE `inventory_subtract` (
  `inventory_num` int NOT NULL,
  `staff_id` int NOT NULL,
  PRIMARY KEY (`inventory_num`,`staff_id`),
  KEY `sub_inventory_id_idx` (`inventory_num`),
  KEY `sub_staff_id_idx` (`staff_id`),
  CONSTRAINT `sub_inventory_num` FOREIGN KEY (`inventory_num`) REFERENCES `inventory` (`inventory_num`) ON DELETE CASCADE ON UPDATE CASCADE,
  CONSTRAINT `sub_staff_id` FOREIGN KEY (`staff_id`) REFERENCES `staff` (`staff_id`) ON DELETE CASCADE ON UPDATE CASCADE
) ENGINE=InnoDB DEFAULT CHARSET=utf8mb4 COLLATE=utf8mb4_0900_ai_ci;

INSERT INTO `address` (`address_id`, `address`, `district`, `city`, `postal_code`, `country`)
VALUES
(1, '123 Maple Street', 'IL', 'Springfield', '62704', 'USA'),
(2, '456 Elm Avenue', 'TX', 'Rivertown', '75001', 'USA'),
(3, '789 Oak Lane', 'CA', 'Meadowbrook', '90201', 'USA'),
(4, '101 Pine Road', 'FL', 'Lakeview', '33101', 'USA'),
(5, '202 Birch Boulevard', 'NY', 'Hillside', '10001', 'USA'),
(6, '303 Cedar Drive', 'WA', 'Valley City', '98101', 'USA'),
(7, '404 Willow Way', 'OR', 'Greenfield', '97001', 'USA'),
(8, '505 Cherry Circle', 'MI', 'Crestwood', '48201', 'USA'),
(9, '606 Aspen Terrace', 'GA', 'Brookhaven', '30301', 'USA'),
(10, '707 Poplar Court', 'CO', 'Sunset Hills', '80201', 'USA');

INSERT INTO `gamestore` (`store_id`, `name`)
VALUES
(1, 'Gamestore East SJ'),
(2, 'Gamestore downtown SJ'),
(3, 'Gamestore Palo Alto'),
(4, 'Gamestore Moragan Hill'),
(5, 'Gamestore Oakland'),
(6, 'Gamestore Cupertino'),
(7, 'Gamestore Milipitas'),
(8, 'Gamestore Fremont'),
(9, 'Gamestore Livermore'),
(10, 'Gamestore San Francisco');

INSERT INTO `manufacturers` (`name`, `manufactuer_id`)
VALUES
('Nintendo', 1),
('Naughty Dog', 2),
('CD Projekt Red', 3),
('Mojang Studios', 4),
('Rockstar Games', 5),
('InnerSloth', 6),
('Supergiant Games', 7),
('Epic Games', 8),
('Respawn Entertainment', 9),
('Infinity Ward', 10),
('Blizzard Entertainment', 11),
('Maddy Makes Games', 12),
('FromSoftware', 13),
('Kojima Productions', 14),
('Team Cherry', 15),
('Remedy Entertainment', 16),
('Larian Studios', 17),
('Unknown Worlds Entertainment', 18),
('ConcernedApe', 19),
('Mediatonic', 20),
('Ubisoft', 21),
('BioWare', 22),
('Psyonix', 23);

INSERT INTO `platform` (`platform_id`, `name`)
VALUES
(1, 'Nintendo Switch'),
(2, 'Wii U'),
(3, 'PlayStation 4'),
(4, 'PlayStation 5'),
(5, 'Xbox One'),
(6, 'Xbox Series X/S'),
(7, 'PC'),
(8, 'PlayStation 3'),
(9, 'Xbox 360'),
(10, 'Game Cube');

INSERT INTO `user` (`username`, `password`)
VALUES
('AuroraDreamer', 'v^X*4T7!Q#R9@'),
('CosmicVoyage', 'R9&!mT^5b#J7@'),
('CrimsonNebula', 'm&^9X*3!P#L$2'),
('EasyC', '1111'),
('EasyS', '1111'),
('EchoFrost', 'G3!mL#xQ8pF$'),
('ElectricEcho', '*W9^@t&4B#R1$'),
('EnigmaWalker', 'G$2^P6@x!R&8#'),
('FrostedPhoenix', 'Y#5@P*3!bR^X8'),
('GalacticQuest', 'H5$R&2^9@Q*8!'),
('MoonlitWanderer', 'k@R1^jG$5XpA'),
('MysticHorizon', 'P*3!fR^L&7$wJ'),
('NebulaNinja', 'N9&h%3D@F^Jx!'),
('PixelPioneer', 'u$X2@z^Q8#Jk8'),
('QuantumQuokka', '#4bL&^Yp*6Zt!'),
('RogueRanger', 'Z@6^h#1*B2$kV'),
('SereneSpecter', 'k^3$L&2*J@9!m'),
('StarGazer123', 'X7&vT^bJ9aZ@'),
('TechVoyager', 'q8*WvZ%2RbP^'),
('VortexVagabond', 'j7!L^Q*9x&F$2'),
('WhisperingShadow', 'X*7^2!L@#m8&J'),
('ZenithExplorer', 'H5^t@K%8^mL#1');

INSERT INTO `customer` (`customer_id`, `first_name`, `last_name`, `email`, `phone`, `username`)
VALUES
(1, 'Emma', 'Johnson', 'emma.johnson@gmail.com', '(555) 123-4567', 'StarGazer123'),
(2, 'Liam', 'Brown', 'liam.brown@samplemail.com', '(555) 234-5678', 'EchoFrost'),
(3, 'Olivia', 'Davis', 'olivia.davis@testmail.com', '(555) 345-6789', 'TechVoyager'),
(4, 'Noah', 'Martinez', 'noah.martinez@domain.com', '(555) 456-7890', 'MoonlitWanderer'),
(5, 'Sophia', 'Wilson', 'sophia.wilson@mailbox.com', '(555) 567-8901', 'QuantumQuokka'),
(6, 'Jackson', 'Lee', 'jackson.lee@webmail.com', '(555) 678-9012', 'NebulaNinja'),
(7, 'Ava', 'Garcia', 'ava.garcia@inbox.com', '(555) 789-0123', 'PixelPioneer'),
(8, 'Ethan', 'Anderson', 'ethan.anderson@provider.com', '(555) 890-1234', 'MysticHorizon'),
(9, 'Mia', 'Thomas', 'mia.thomas@service.com', '(555) 901-2345', 'ZenithExplorer'),
(10, 'James', 'Taylor', 'james.taylor@email.com', '(555) 012-3456', 'AuroraDreamer');

INSERT INTO `products` (`product_id`, `description`, `price`, `name`, `manf_id`, `platform_id`)
VALUES
(1, 'An open-world action RPG exploring Hyrule to save Princess Zelda.', 59.99, 'The Legend of Zelda: Breath of the Wild', 1, 1),
(2, 'An open-world action RPG exploring Hyrule to save Princess Zelda.', 59.99, 'The Legend of Zelda: Breath of the Wild', 1, 2),
(3, 'A narrative-driven action-adventure game following Ellie in a post-apocalyptic world.', 59.99, 'The Last of Us Part II', 2, 3),
(4, 'An open-world RPG set in a dystopian future where you play as V, a mercenary with customizable abilities.', 59.99, 'Cyberpunk 2077', 3, 3),
(5, 'An open-world RPG set in a dystopian future where you play as V, a mercenary with customizable abilities.', 59.99, 'Cyberpunk 2077', 3, 4),
(6, 'An open-world RPG set in a dystopian future where you play as V, a mercenary with customizable abilities.', 59.99, 'Cyberpunk 2077', 3, 5),
(7, 'An open-world RPG set in a dystopian future where you play as V, a mercenary with customizable abilities.', 59.99, 'Cyberpunk 2077', 3, 6),
(8, 'An open-world RPG set in a dystopian future where you play as V, a mercenary with customizable abilities.', 59.99, 'Cyberpunk 2077', 3, 7),
(9, 'A sandbox game where you build and explore procedurally generated worlds made up of blocks.', 29.99, 'Minecraft', 4, 4),
(10, 'A sandbox game where you build and explore procedurally generated worlds made up of blocks.', 29.99, 'Minecraft', 4, 5),
(11, 'A sandbox game where you build and explore procedurally generated worlds made up of blocks.', 29.99, 'Minecraft', 4, 6),
(12, 'A sandbox game where you build and explore procedurally generated worlds made up of blocks.', 29.99, 'Minecraft', 4, 7),
(13, 'An action-adventure set in the late 1800s focusing on Arthur Morgan, an outlaw.', 59.99, 'Red Dead Redemption 2', 5, 4),
(14, 'A multiplayer game where players work together on a spaceship, but some are impostors trying to sabotage.', 5.99, 'Among Us', 6, 7),
(15, 'A rogue-like dungeon crawler where you play as Zagreus, trying to escape the underworld.', 24.99, 'Hades', 7, 7),
(16, 'A life simulation game where you build and manage your own island paradise.', 59.99, 'Animal Crossing: New Horizons', 1, 1),
(17, 'A first-person shooter featuring a single-player campaign and expansive multiplayer modes.', 69.99, 'Call of Duty: Modern Warfare II', 10, 4),
(18, 'A first-person shooter featuring a single-player campaign and expansive multiplayer modes.', 69.99, 'Call of Duty: Modern Warfare II', 10, 6),
(19, 'A first-person shooter featuring a single-player campaign and expansive multiplayer modes.', 69.99, 'Call of Duty: Modern Warfare II', 10, 7),
(20, 'An open-world RPG where you play as Geralt of Rivia, a monster hunter navigating a rich, narrative-driven world.', 39.99, 'The Witcher 3: Wild Hunt', 3, 7),
(21, 'An open-world RPG where you play as Geralt of Rivia, a monster hunter navigating a rich, narrative-driven world.', 39.99, 'The Witcher 3: Wild Hunt', 3, 3),
(22, 'A platformer about climbing a mountain with challenging gameplay and a story about mental health.', 19.99, 'Celeste', 12, 7),
(23, 'An action-adventure game set in late 1500s Japan, featuring unique combat and exploration.', 59.99, 'Sekiro: Shadows Die Twice', 13, 7),
(24, 'An open-world action game about reconnecting isolated communities in a post-apocalyptic world.', 59.99, 'Death Stranding', 14, 7),
(25, 'A Metroidvania-style action-adventure game with intricate combat and exploration.', 14.99, 'Hollow Knight', 15, 7),
(26, 'A third-person action-adventure game with a mysterious government building and supernatural phenomena.', 39.99, 'Control', 16, 7),
(27, 'An RPG with deep tactical combat, rich storytelling, and cooperative multiplayer.', 44.99, 'Divinity: Original Sin 2', 17, 7),
(28, 'An open-world survival game set underwater on an alien planet.', 29.99, 'Subnautica', 18, 7),
(29, 'A farming simulation game where you manage a farm, build relationships, and explore caves.', 14.99, 'Stardew Valley', 19, 7),
(30, 'A farming simulation game where you manage a farm, build relationships, and explore caves.', 14.99, 'Stardew Valley', 19, 1),
(31, 'A party game where players compete in wacky mini-games to be the last one standing.', 19.99, 'Fall Guys: Ultimate Knockout', 20, 7),
(32, 'An action RPG set in the Viking era, focusing on leading a clan and engaging in raids.', 59.99, 'Assassins Creed Valhalla', 21, 7),
(33, 'A fantasy RPG where you lead the Inquisition to restore order to a chaotic world.', 29.99, 'Dragon Age: Inquisition', 22, 7);

INSERT INTO `staff` (`staff_id`, `first_name`, `last_name`, `username`)
VALUES
(1, 'Ava', 'Smith', 'RogueRanger'),
(2, 'Liam', 'Johnson', 'CosmicVoyage'),
(3, 'Sophia', 'Williams', 'EnigmaWalker'),
(4, 'Noah', 'Brown', 'VortexVagabond'),
(5, 'Emma', 'Jones', 'FrostedPhoenix'),
(6, 'Mason', 'Miller', 'SereneSpecter'),
(7, 'Olivia', 'Davis', 'ElectricEcho'),
(8, 'Lucas', 'Garcia', 'WhisperingShadow'),
(9, 'Mia', 'Martinez', 'GalacticQuest'),
(10, 'Ethan', 'Anderson', 'CrimsonNebula');

INSERT INTO `works_at` (`store_id`, `staff_id`)
VALUES
(1, 1),
(2, 2),
(3, 3),
(4, 4),
(5, 5),
(6, 6),
(7, 7),
(8, 8),
(9, 9),
(10, 10);

INSERT INTO `inventory` (`inventory_num`, `product_id`)
VALUES
(1, 1),
(2, 1),
(3, 1),
(4, 1),
(5, 1),
(6, 1),
(7, 1),
(8, 1),
(9, 1),
(10, 1),
(11, 1),
(12, 1),
(13, 2),
(14, 2),
(15, 2),
(16, 2),
(17, 2),
(18, 2),
(19, 3),
(20, 3),
(21, 3),
(22, 3),
(23, 3),
(24, 3),
(25, 3),
(26, 3),
(27, 3),
(28, 3),
(29, 3),
(30, 3),
(31, 3),
(32, 3),
(33, 4),
(34, 4),
(35, 4),
(36, 4),
(37, 4),
(38, 4),
(39, 4),
(40, 4),
(41, 4),
(42, 4),
(43, 4),
(44, 4),
(45, 4),
(46, 4),
(47, 4),
(48, 4),
(49, 4),
(50, 4),
(51, 5),
(52, 5),
(53, 5),
(54, 5),
(55, 5),
(56, 5),
(57, 5),
(58, 5),
(59, 6),
(60, 6),
(61, 6),
(62, 6),
(63, 6),
(64, 6),
(65, 6),
(66, 6),
(67, 6),
(68, 6),
(69, 6),
(70, 6),
(71, 7),
(72, 7),
(73, 7),
(74, 7),
(75, 7),
(76, 7),
(77, 7),
(78, 7),
(79, 7),
(80, 7),
(81, 7),
(82, 8),
(83, 8),
(84, 8),
(85, 8),
(86, 8),
(87, 8),
(88, 8),
(89, 8),
(90, 8),
(91, 9),
(92, 10),
(93, 10),
(94, 11),
(95, 11),
(96, 12),
(97, 13),
(98, 13),
(99, 13),
(100, 13),
(101, 13),
(102, 13),
(103, 13),
(104, 13),
(105, 13),
(106, 14),
(107, 14),
(108, 14),
(109, 14),
(110, 14),
(111, 14),
(112, 14),
(113, 15),
(114, 15),
(115, 15),
(116, 15),
(117, 15),
(118, 15),
(119, 15),
(120, 15),
(121, 15),
(122, 15),
(123, 15),
(124, 15),
(125, 15),
(126, 15),
(127, 15),
(128, 15),
(129, 16),
(130, 16),
(131, 16),
(132, 16),
(133, 16),
(134, 16),
(135, 16),
(136, 17),
(137, 17),
(138, 17),
(139, 17),
(140, 17),
(141, 17),
(142, 17),
(143, 17),
(144, 17),
(145, 17),
(146, 17),
(147, 17),
(148, 17),
(149, 18),
(150, 18),
(151, 18),
(152, 19),
(153, 19),
(154, 19),
(155, 19),
(156, 19),
(157, 19),
(158, 20),
(159, 20),
(160, 20),
(161, 20),
(162, 20),
(163, 20),
(164, 21),
(165, 21),
(166, 21),
(167, 21),
(168, 21),
(169, 22),
(170, 22),
(171, 22),
(172, 22),
(173, 22),
(174, 22),
(175, 22),
(176, 22),
(177, 23),
(178, 23),
(179, 23),
(180, 23),
(181, 23),
(182, 23),
(183, 24),
(184, 24),
(185, 24),
(186, 24),
(187, 24),
(188, 24),
(189, 24),
(190, 24),
(191, 24),
(192, 25),
(193, 25),
(194, 25),
(195, 25),
(196, 26),
(197, 26),
(198, 26),
(199, 26),
(200, 27),
(201, 27),
(202, 27),
(203, 27),
(204, 27),
(205, 27),
(206, 28),
(207, 28),
(208, 28),
(209, 28),
(210, 28),
(211, 28),
(212, 29),
(213, 30),
(214, 30),
(215, 30),
(216, 30),
(217, 31),
(218, 31),
(219, 31),
(220, 33);

INSERT INTO `inventory_add` (`product_id`, `staff_id`)
VALUES
(1, 7),
(3, 5),
(4, 7),
(8, 4),
(9, 3),
(12, 8),
(14, 2),
(23, 1),
(28, 9),
(29, 6),
(33, 1);

INSERT INTO `inventory_subtract` (`inventory_num`, `staff_id`)
VALUES
(89, 1),
(100, 1),
(204, 2),
(134, 4),
(34, 5),
(157, 5),
(188, 6),
(55, 7),
(76, 8),
(209, 9),
(210, 10);

INSERT INTO `order` (`order_id`, `date_ordered`, `date_fulfilled`)
VALUES
(1, '2022-03-15 09:30:00', '2024-08-01 12:30:00'),
(2, '2019-07-22 14:45:00', NULL),
(3, '2021-01-10 11:00:00', NULL),
(4, '2020-11-25 16:30:00', '2024-08-04 15:15:00'),
(5, '2018-06-05 08:15:00', NULL),
(6, '2023-04-19 13:00:00', '2024-08-06 17:45:00'),
(7, '2017-12-30 20:45:00', NULL),
(8, '2016-09-08 22:00:00', '2024-08-08 19:15:00'),
(9, '2021-02-14 18:30:00', '2024-08-09 20:30:00'),
(10, '2015-10-25 10:00:00', '2024-08-10 21:45:00'),
(11, '2019-05-06 12:15:00', NULL),
(12, '2022-08-23 17:00:00', '2024-08-14 01:45:00'),
(13, '2018-03-02 06:45:00', '2024-08-14 01:45:00'),
(14, '2017-11-18 19:30:00', '2024-08-14 01:45:00'),
(15, '2020-07-04 21:00:00', NULL),
(16, '2021-09-11 15:30:00', '2024-08-14 01:45:00');

INSERT INTO `orders` (`customer_id`, `order_id`, `inventory_num`)
VALUES
(1, 1, 4),
(1, 1, 6),
(2, 2, 90),
(2, 3, 220),
(2, 4, 217),
(3, 5, 6),
(3, 5, 8),
(3, 5, 10),
(4, 6, 7),
(4, 7, 56),
(5, 8, 57),
(6, 9, 80),
(7, 10, 90),
(8, 11, 100),
(9, 12, 120),
(9, 12, 150),
(9, 12, 160),
(9, 13, 143),
(9, 13, 187),
(10, 14, 134),
(2, 15, 1),
(2, 15, 177),
(2, 15, 189),
(2, 15, 199),
(6, 16, 23),
(6, 16, 26);

INSERT INTO `belongs_to` (`inventory_id`, `store_id`)
VALUES
(3, 1),
(12, 1),
(29, 1),
(39, 1),
(46, 1),
(57, 1),
(67, 1),
(78, 1),
(90, 1),
(100, 1),
(110, 1),
(120, 1),
(129, 1),
(133, 1),
(146, 1),
(159, 1),
(170, 1),
(180, 1),
(187, 1),
(193, 1),
(203, 1),
(6, 2),
(17, 2),
(21, 2),
(33, 2),
(45, 2),
(52, 2),
(66, 2),
(72, 2),
(83, 2),
(93, 2),
(101, 2),
(112, 2),
(122, 2),
(135, 2),
(143, 2),
(156, 2),
(164, 2),
(175, 2),
(181, 2),
(197, 2),
(205, 2),
(4, 3),
(11, 3),
(24, 3),
(37, 3),
(48, 3),
(60, 3),
(70, 3),
(80, 3),
(89, 3),
(98, 3);

INSERT INTO `fulfilled_by` (`order_id`, `staff_id`)
VALUES
(1, 1),
(13, 1),
(14, 2),
(4, 3),
(8, 4),
(9, 6),
(10, 7),
(12, 8),
(16, 10);

INSERT INTO `deliver_to` (`order_id`, `address_id`)
VALUES
(1, 1),
(14, 1),
(2, 2),
(11, 2),
(15, 2),
(4, 3),
(3, 4),
(16, 4),
(9, 5),
(5, 6),
(10, 6),
(12, 7),
(6, 8),
(13, 8),
(8, 9),
(7, 10);
